"","id","nombre","tipo","administracao_direta","institucion_padre_id","sigla","codigo","activa","data_criacao_lei","data_ativacao","data_inativacao","data_edicao","natureza_juridica_id","justificativa_inativacao_id","justificativa_outros","sigla_nome","nome","nome_home","grupo_ativo","situacao"
"1",514,"Advocacia-Geral da União","orgao",1,NA,"AGU","46",1,"1900-01-01","2022-09-16",NA,NA,NA,NA,NA,"AGU - Advocacia-Geral da União","Advocacia-Geral da União","AGU - Advocacia-Geral da União (desde 16/09/2022) - Ativo","Órgãos/Entidades ativos","ativo"
"2",1163,"Agência Espacial Brasileira","orgao",0,862,"AEB","4243",1,"1900-01-01","2022-09-16",NA,NA,NA,NA,NA,"AEB - Agência Espacial Brasileira","Agência Espacial Brasileira","AEB - Agência Espacial Brasileira (desde 16/09/2022) - Ativo","Órgãos/Entidades ativos","ativo"
"3",1183,"Agência Nacional de Águas e Saneamento Básico","orgao",0,855,"ANA","46876",1,"1900-01-01","2022-09-16",NA,NA,NA,NA,NA,"ANA - Agência Nacional de Águas e Saneamento Básico","Agência Nacional de Águas e Saneamento Básico","ANA - Agência Nacional de Águas e Saneamento Básico (desde 16/09/2022) - Ativo","Órgãos/Entidades ativos","ativo"
"4",1223,"Agência Nacional de Aviação Civil","orgao",0,660,"ANAC","86144",1,"1900-01-01","2022-09-16",NA,NA,NA,NA,NA,"ANAC - Agência Nacional de Aviação Civil","Agência Nacional de Aviação Civil","ANAC - Agência Nacional de Aviação Civil (desde 16/09/2022) - Ativo","Órgãos/Entidades ativos","ativo"
"5",1169,"Agência Nacional de Energia Elétrica","orgao",0,661,"ANEEL","21089",1,"1900-01-01","2022-09-16",NA,NA,NA,NA,NA,"ANEEL - Agência Nacional de Energia Elétrica","Agência Nacional de Energia Elétrica","ANEEL - Agência Nacional de Energia Elétrica (desde 16/09/2022) - Ativo","Órgãos/Entidades ativos","ativo"
"6",1337,"Agência Nacional de Mineração","orgao",0,661,"ANM","222120",1,"1900-01-01","2022-09-16",NA,NA,NA,NA,NA,"ANM - Agência Nacional de Mineração","Agência Nacional de Mineração","ANM - Agência Nacional de Mineração (desde 16/09/2022) - Ativo","Órgãos/Entidades ativos","ativo"
"7",1181,"Agência Nacional de Saúde Suplementar","orgao",0,563,"ANS","45013",1,"1900-01-01","2022-09-16",NA,NA,NA,NA,NA,"ANS - Agência Nacional de Saúde Suplementar","Agência Nacional de Saúde Suplementar","ANS - Agência Nacional de Saúde Suplementar (desde 16/09/2022) - Ativo","Órgãos/Entidades ativos","ativo"
"8",1175,"Agência Nacional de Telecomunicações","orgao",0,860,"ANATEL","25064",1,"1900-01-01","2022-09-16",NA,NA,NA,NA,NA,"ANATEL - Agência Nacional de Telecomunicações","Agência Nacional de Telecomunicações","ANATEL - Agência Nacional de Telecomunicações (desde 16/09/2022) - Ativo","Órgãos/Entidades ativos","ativo"
"9",1191,"Agência Nacional de Transportes Aquaviários","orgao",0,660,"ANTAQ","54843",1,"1900-01-01","2022-09-16",NA,NA,NA,NA,NA,"ANTAQ - Agência Nacional de Transportes Aquaviários","Agência Nacional de Transportes Aquaviários","ANTAQ - Agência Nacional de Transportes Aquaviários (desde 16/09/2022) - Ativo","Órgãos/Entidades ativos","ativo"
"10",1190,"Agência Nacional de Transportes Terrestres","orgao",0,660,"ANTT","54793",1,"1900-01-01","2022-09-16",NA,NA,NA,NA,NA,"ANTT - Agência Nacional de Transportes Terrestres","Agência Nacional de Transportes Terrestres","ANTT - Agência Nacional de Transportes Terrestres (desde 16/09/2022) - Ativo","Órgãos/Entidades ativos","ativo"
"11",1178,"Agência Nacional de Vigilância Sanitária","orgao",0,563,"ANVISA","36687",1,"1900-01-01","2022-09-16",NA,NA,NA,NA,NA,"ANVISA - Agência Nacional de Vigilância Sanitária","Agência Nacional de Vigilância Sanitária","ANVISA - Agência Nacional de Vigilância Sanitária (desde 16/09/2022) - Ativo","Órgãos/Entidades ativos","ativo"
"12",1194,"Agência Nacional do Cinema","orgao",0,714,"ANCINE","57682",1,"1900-01-01","2022-09-16",NA,NA,NA,NA,NA,"ANCINE - Agência Nacional do Cinema","Agência Nacional do Cinema","ANCINE - Agência Nacional do Cinema (desde 16/09/2022) - Ativo","Órgãos/Entidades ativos","ativo"
"13",1176,"Agência Nacional do Petróleo, Gás Natural e Biocombustíveis","orgao",0,661,"ANP","25281",1,"1900-01-01","2022-09-16",NA,NA,NA,NA,NA,"ANP - Agência Nacional do Petróleo, Gás Natural e Biocombustíveis","Agência Nacional do Petróleo, Gás Natural e Biocombustíveis","ANP - Agência Nacional do Petróleo, Gás Natural e Biocombustíveis (desde 16/09/2022) - Ativo","Órgãos/Entidades ativos","ativo"
"14",857,"Autoridade Nacional de Proteção de Dados","orgao",1,NA,"ANPD","235884",1,"1900-01-01","2022-09-16",NA,NA,NA,NA,NA,"ANPD - Autoridade Nacional de Proteção de Dados","Autoridade Nacional de Proteção de Dados","ANPD - Autoridade Nacional de Proteção de Dados (desde 16/09/2022) - Ativo","Órgãos/Entidades ativos","ativo"
"15",1363,"Autoridade Nacional de Segurança Nuclear","orgao",0,661,"ANSN","273855",1,"1900-01-01","2022-09-16",NA,NA,NA,NA,NA,"ANSN - Autoridade Nacional de Segurança Nuclear","Autoridade Nacional de Segurança Nuclear","ANSN - Autoridade Nacional de Segurança Nuclear (desde 16/09/2022) - Ativo","Órgãos/Entidades ativos","ativo"
"16",521,"Banco Central do Brasil","orgao",0,NA,"BCB","89",1,"1900-01-01","2022-09-16",NA,NA,NA,NA,NA,"BCB - Banco Central do Brasil","Banco Central do Brasil","BCB - Banco Central do Brasil (desde 16/09/2022) - Ativo","Órgãos/Entidades ativos","ativo"
"17",1433,"Caixa de Construções de Casas para o Pessoal da Marinha","orgao",0,679,"CCCPM","208",1,"1936-01-15","2024-05-10",NA,NA,37,NA,NA,"CCCPM - Caixa de Construções de Casas para o Pessoal da Marinha","Caixa de Construções de Casas para o Pessoal da Marinha","CCCPM - Caixa de Construções de Casas para o Pessoal da Marinha (desde 10/05/2024) - Ativo","Órgãos/Entidades ativos","ativo"
"18",659,"Casa Civil da Presidência da República","orgao",1,NA,"CC-PR","2837",1,"1900-01-01","2022-09-16",NA,NA,NA,NA,NA,"CC-PR - Casa Civil da Presidência da República","Casa Civil da Presidência da República","CC-PR - Casa Civil da Presidência da República (desde 16/09/2022) - Ativo","Órgãos/Entidades ativos","ativo"
"19",1095,"Centro Federal de Educação Tecnológica - Celso Suckow da Fonseca","orgao",0,549,"CEFET-RJ","448",1,"1900-01-01","2022-09-16",NA,NA,NA,NA,NA,"CEFET-RJ - Centro Federal de Educação Tecnológica - Celso Suckow da Fonseca","Centro Federal de Educação Tecnológica - Celso Suckow da Fonseca","CEFET-RJ - Centro Federal de Educação Tecnológica - Celso Suckow da Fonseca (desde 16/09/2022) - Ativo","Órgãos/Entidades ativos","ativo"
"20",1094,"Centro Federal de Educação Tecnológica de Minas Gerais","orgao",0,549,"CEFET-MG","445",1,"1900-01-01","2022-09-16",NA,NA,NA,NA,NA,"CEFET-MG - Centro Federal de Educação Tecnológica de Minas Gerais","Centro Federal de Educação Tecnológica de Minas Gerais","CEFET-MG - Centro Federal de Educação Tecnológica de Minas Gerais (desde 16/09/2022) - Ativo","Órgãos/Entidades ativos","ativo"
"21",1428,"Centro Nacional de Tecnologia Eletrônica Avançada S. A","orgao",0,862,"CEITEC/S.A.","98519",1,"2008-11-07","2023-10-05",NA,NA,38,NA,NA,"CEITEC/S.A. - Centro Nacional de Tecnologia Eletrônica Avançada S. A","Centro Nacional de Tecnologia Eletrônica Avançada S. A","CEITEC/S.A. - Centro Nacional de Tecnologia Eletrônica Avançada S. A (desde 05/10/2023) - Ativo","Órgãos/Entidades ativos","ativo"
"22",1055,"Colégio Pedro II","orgao",0,549,"CP II","256",1,"1900-01-01","2022-09-16",NA,NA,NA,NA,NA,"CP II - Colégio Pedro II","Colégio Pedro II","CP II - Colégio Pedro II (desde 16/09/2022) - Ativo","Órgãos/Entidades ativos","ativo"
"23",1015,"Comando da Aeronáutica","orgao",1,679,"COMAER","48",1,"1900-01-01","2022-09-16",NA,NA,NA,NA,NA,"COMAER - Comando da Aeronáutica","Comando da Aeronáutica","COMAER - Comando da Aeronáutica (desde 16/09/2022) - Ativo","Órgãos/Entidades ativos","ativo"
"24",1037,"Comando da Marinha","orgao",1,679,"MB","185",1,"1900-01-01","2022-09-16",NA,NA,NA,NA,NA,"MB - Comando da Marinha","Comando da Marinha","MB - Comando da Marinha (desde 16/09/2022) - Ativo","Órgãos/Entidades ativos","ativo"
"25",1026,"Comando do Exército","orgao",1,679,"CEX","94",1,"1900-01-01","2022-09-16",NA,NA,NA,NA,NA,"CEX - Comando do Exército","Comando do Exército","CEX - Comando do Exército (desde 16/09/2022) - Ativo","Órgãos/Entidades ativos","ativo"
"26",1122,"Comissão de Valores Mobiliários","orgao",0,854,"CVM","478",1,"1900-01-01","2022-09-16",NA,NA,NA,NA,NA,"CVM - Comissão de Valores Mobiliários","Comissão de Valores Mobiliários","CVM - Comissão de Valores Mobiliários (desde 16/09/2022) - Ativo","Órgãos/Entidades ativos","ativo"
"27",1040,"Comissão Nacional de Energia Nuclear","orgao",0,862,"CNEN","223",1,"1900-01-01","2022-09-16",NA,NA,NA,NA,NA,"CNEN - Comissão Nacional de Energia Nuclear","Comissão Nacional de Energia Nuclear","CNEN - Comissão Nacional de Energia Nuclear (desde 16/09/2022) - Ativo","Órgãos/Entidades ativos","ativo"
"28",1426,"Companhia Docas do Ceará","orgao",0,1415,"CDC","758",1,"1965-03-25","2023-05-08",NA,NA,40,NA,NA,"CDC - Companhia Docas do Ceará","Companhia Docas do Ceará","CDC - Companhia Docas do Ceará (desde 08/05/2023) - Ativo","Órgãos/Entidades ativos","ativo"
"29",1425,"Companhia Docas do Pará","orgao",0,1415,"CDP","182",1,"2022-10-09","2023-04-20",NA,NA,40,NA,NA,"CDP - Companhia Docas do Pará","Companhia Docas do Pará","CDP - Companhia Docas do Pará (desde 20/04/2023) - Ativo","Órgãos/Entidades ativos","ativo"
"30",1065,"Conselho Administrativo de Defesa Econômica","orgao",0,856,"CADE","322",1,"1900-01-01","2022-09-16",NA,NA,NA,NA,NA,"CADE - Conselho Administrativo de Defesa Econômica","Conselho Administrativo de Defesa Econômica","CADE - Conselho Administrativo de Defesa Econômica (desde 16/09/2022) - Ativo","Órgãos/Entidades ativos","ativo"
"31",871,"Conselho de Controle de Atividades Financeiras","orgao",0,521,"COAF","32061",1,"1900-01-01","2022-09-16",NA,NA,NA,NA,NA,"COAF - Conselho de Controle de Atividades Financeiras","Conselho de Controle de Atividades Financeiras","COAF - Conselho de Controle de Atividades Financeiras (desde 16/09/2022) - Ativo","Órgãos/Entidades ativos","ativo"
"32",1005,"Conselho Nacional de Desenvolvimento Científico e Tecnológico","orgao",0,862,"CNPq","8",1,"1900-01-01","2022-09-16",NA,NA,NA,NA,NA,"CNPq - Conselho Nacional de Desenvolvimento Científico e Tecnológico","Conselho Nacional de Desenvolvimento Científico e Tecnológico","CNPq - Conselho Nacional de Desenvolvimento Científico e Tecnológico (desde 16/09/2022) - Ativo","Órgãos/Entidades ativos","ativo"
"33",832,"Controladoria-Geral da União","orgao",1,NA,"CGU","214460",1,"1900-01-01","2022-09-16",NA,NA,NA,NA,NA,"CGU - Controladoria-Geral da União","Controladoria-Geral da União","CGU - Controladoria-Geral da União (desde 16/09/2022) - Ativo","Órgãos/Entidades ativos","ativo"
"34",1192,"Departamento Nacional de Infraestrutura de Transportes","orgao",0,660,"DNIT","54844",1,"1900-01-01","2022-09-16",NA,NA,NA,NA,NA,"DNIT - Departamento Nacional de Infraestrutura de Transportes","Departamento Nacional de Infraestrutura de Transportes","DNIT - Departamento Nacional de Infraestrutura de Transportes (desde 16/09/2022) - Ativo","Órgãos/Entidades ativos","ativo"
"35",1069,"Departamento Nacional de Obras Contra as Secas","orgao",0,855,"DNOCS","367",1,"1900-01-01","2022-09-16",NA,NA,NA,NA,NA,"DNOCS - Departamento Nacional de Obras Contra as Secas","Departamento Nacional de Obras Contra as Secas","DNOCS - Departamento Nacional de Obras Contra as Secas (desde 16/09/2022) - Ativo","Órgãos/Entidades ativos","ativo"
"36",1375,"EBSERH - Empresa Brasileira de Serviços Hospitalares","orgao",0,549,"EBSERH","117267",1,"2022-09-26","2022-09-26",NA,NA,38,NA,NA,"EBSERH - EBSERH - Empresa Brasileira de Serviços Hospitalares","EBSERH - Empresa Brasileira de Serviços Hospitalares","EBSERH - EBSERH - Empresa Brasileira de Serviços Hospitalares (desde 26/09/2022) - Ativo","Órgãos/Entidades ativos","ativo"
"37",1431,"EBSERH - Filial Complexo Hospitalar Universitário Edgard Santos","orgao",0,549,"EBSERH/HUPES-UFBA","201442",1,"2011-12-15","2023-12-20",NA,NA,38,NA,NA,"EBSERH/HUPES-UFBA - EBSERH - Filial Complexo Hospitalar Universitário Edgard Santos","EBSERH - Filial Complexo Hospitalar Universitário Edgard Santos","EBSERH/HUPES-UFBA - EBSERH - Filial Complexo Hospitalar Universitário Edgard Santos (desde 20/12/2023) - Ativo","Órgãos/Entidades ativos","ativo"
"38",1430,"Empresa Basileira de Hemoderivados e Biotecnologia","orgao",0,563,"HEMOBRAS","83815",1,"2004-12-02","2023-12-11",NA,NA,38,NA,NA,"HEMOBRAS - Empresa Basileira de Hemoderivados e Biotecnologia","Empresa Basileira de Hemoderivados e Biotecnologia","HEMOBRAS - Empresa Basileira de Hemoderivados e Biotecnologia (desde 11/12/2023) - Ativo","Órgãos/Entidades ativos","ativo"
"39",1380,"Empresa Brasileira de Correios e Telégrafos","orgao",0,860,"ECT","74",1,"2022-11-21","2022-11-21",NA,NA,38,NA,NA,"ECT - Empresa Brasileira de Correios e Telégrafos","Empresa Brasileira de Correios e Telégrafos","ECT - Empresa Brasileira de Correios e Telégrafos (desde 21/11/2022) - Ativo","Órgãos/Entidades ativos","ativo"
"40",1432,"Empresa Brasileira de Infraestrutura Aeroportuária","orgao",0,1415,"INFRAERO","73",1,"1972-12-12","2024-01-29",NA,NA,38,NA,NA,"INFRAERO - Empresa Brasileira de Infraestrutura Aeroportuária","Empresa Brasileira de Infraestrutura Aeroportuária","INFRAERO - Empresa Brasileira de Infraestrutura Aeroportuária (desde 29/01/2024) - Ativo","Órgãos/Entidades ativos","ativo"
"41",1193,"Empresa Gestora de Ativos","orgao",0,854,"EMGEA","55962",1,"2001-06-26","2001-06-26",NA,NA,NA,NA,NA,"EMGEA - Empresa Gestora de Ativos","Empresa Gestora de Ativos","EMGEA - Empresa Gestora de Ativos (desde 26/06/2001) - Ativo","Órgãos/Entidades ativos","ativo"
"42",1368,"Escola superior de Guerra","orgao",0,679,"ESG","36",1,"1900-01-01","2022-09-16",NA,NA,NA,NA,NA,"ESG - Escola superior de Guerra","Escola superior de Guerra","ESG - Escola superior de Guerra (desde 16/09/2022) - Ativo","Órgãos/Entidades ativos","ativo"
"43",1061,"Fundação Alexandre de Gusmão","orgao",0,560,"FUNAG","299",1,"1900-01-01","2022-09-16",NA,NA,NA,NA,NA,"FUNAG - Fundação Alexandre de Gusmão","Fundação Alexandre de Gusmão","FUNAG - Fundação Alexandre de Gusmão (desde 16/09/2022) - Ativo","Órgãos/Entidades ativos","ativo"
"44",1135,"Fundação Biblioteca Nacional","orgao",0,714,"FBN","984",1,"1900-01-01","2022-09-16",NA,NA,NA,NA,NA,"FBN - Fundação Biblioteca Nacional","Fundação Biblioteca Nacional","FBN - Fundação Biblioteca Nacional (desde 16/09/2022) - Ativo","Órgãos/Entidades ativos","ativo"
"45",1059,"Fundação Casa de Rui Barbosa","orgao",0,714,"FCRB","261",1,"1900-01-01","2022-09-16",NA,NA,NA,NA,NA,"FCRB - Fundação Casa de Rui Barbosa","Fundação Casa de Rui Barbosa","FCRB - Fundação Casa de Rui Barbosa (desde 16/09/2022) - Ativo","Órgãos/Entidades ativos","ativo"
"46",1051,"Fundação Coordenação de Aperfeiçoamento de Pessoal de Nível superior","orgao",0,549,"CAPES","250",1,"1900-01-01","2022-09-16",NA,NA,NA,NA,NA,"CAPES - Fundação Coordenação de Aperfeiçoamento de Pessoal de Nível superior","Fundação Coordenação de Aperfeiçoamento de Pessoal de Nível superior","CAPES - Fundação Coordenação de Aperfeiçoamento de Pessoal de Nível superior (desde 16/09/2022) - Ativo","Órgãos/Entidades ativos","ativo"
"47",1142,"Fundação Cultural Palmares","orgao",0,714,"FCP","1782",1,"1900-01-01","2022-09-16",NA,NA,NA,NA,NA,"FCP - Fundação Cultural Palmares","Fundação Cultural Palmares","FCP - Fundação Cultural Palmares (desde 16/09/2022) - Ativo","Órgãos/Entidades ativos","ativo"
"48",1288,"Fundação de Previdência Complementar do Servidor Público Federal do Poder Executivo","orgao",0,854,"FUNPRESP-EXE","120397",1,"1900-01-01","2022-09-16",NA,NA,NA,NA,NA,"FUNPRESP-EXE - Fundação de Previdência Complementar do Servidor Público Federal do Poder Executivo","Fundação de Previdência Complementar do Servidor Público Federal do Poder Executivo","FUNPRESP-EXE - Fundação de Previdência Complementar do Servidor Público Federal do Poder Executivo (desde 16/09/2022) - Ativo","Órgãos/Entidades ativos","ativo"
"49",1129,"Fundação Escola Nacional de Administração Pública","orgao",0,854,"ENAP","956",1,"1900-01-01","2022-09-16",NA,NA,NA,NA,NA,"ENAP - Fundação Escola Nacional de Administração Pública","Fundação Escola Nacional de Administração Pública","ENAP - Fundação Escola Nacional de Administração Pública (desde 16/09/2022) - Ativo","Órgãos/Entidades ativos","ativo"
"50",1003,"Fundação Instituto Brasileiro de Geografia e Estatística","orgao",0,854,"IBGE","3",1,"1900-01-01","2022-09-16",NA,NA,NA,NA,NA,"IBGE - Fundação Instituto Brasileiro de Geografia e Estatística","Fundação Instituto Brasileiro de Geografia e Estatística","IBGE - Fundação Instituto Brasileiro de Geografia e Estatística (desde 16/09/2022) - Ativo","Órgãos/Entidades ativos","ativo"
"51",1056,"Fundação Joaquim Nabuco","orgao",0,549,"FUNDAJ","257",1,"1900-01-01","2022-09-16",NA,NA,NA,NA,NA,"FUNDAJ - Fundação Joaquim Nabuco","Fundação Joaquim Nabuco","FUNDAJ - Fundação Joaquim Nabuco (desde 16/09/2022) - Ativo","Órgãos/Entidades ativos","ativo"
"52",1039,"Fundação Jorge Duprat Figueiredo, de Segurança e Medicina do Trabalho","orgao",0,864,"FUNDACENTRO","221",1,"1900-01-01","2022-09-16",NA,NA,NA,NA,NA,"FUNDACENTRO - Fundação Jorge Duprat Figueiredo, de Segurança e Medicina do Trabalho","Fundação Jorge Duprat Figueiredo, de Segurança e Medicina do Trabalho","FUNDACENTRO - Fundação Jorge Duprat Figueiredo, de Segurança e Medicina do Trabalho (desde 16/09/2022) - Ativo","Órgãos/Entidades ativos","ativo"
"53",1157,"Fundação Nacional de Artes","orgao",0,714,"FUNARTE","2330",1,"1900-01-01","2022-09-16",NA,NA,NA,NA,NA,"FUNARTE - Fundação Nacional de Artes","Fundação Nacional de Artes","FUNARTE - Fundação Nacional de Artes (desde 16/09/2022) - Ativo","Órgãos/Entidades ativos","ativo"
"54",1156,"Fundação Nacional de Saúde","orgao",0,563,"FUNASA","2207",1,"1900-01-01","2022-09-16",NA,NA,NA,NA,NA,"FUNASA - Fundação Nacional de Saúde","Fundação Nacional de Saúde","FUNASA - Fundação Nacional de Saúde (desde 16/09/2022) - Ativo","Órgãos/Entidades ativos","ativo"
"55",1032,"Fundação Nacional do Índio","orgao",0,856,"FUNAI","173",1,"1900-01-01","2022-09-16",NA,NA,NA,NA,NA,"FUNAI - Fundação Nacional do Índio","Fundação Nacional do Índio","FUNAI - Fundação Nacional do Índio (desde 16/09/2022) - Ativo","Órgãos/Entidades ativos","ativo"
"56",1164,"Fundação Osório","orgao",0,679,"FOSORIO","8406",1,"1900-01-01","2022-09-16",NA,NA,NA,NA,NA,"FOSORIO - Fundação Osório","Fundação Osório","FOSORIO - Fundação Osório (desde 16/09/2022) - Ativo","Órgãos/Entidades ativos","ativo"
"57",1064,"Fundação Oswaldo Cruz","orgao",0,563,"FIOCRUZ","315",1,"1900-01-01","2022-09-16",NA,NA,NA,NA,NA,"FIOCRUZ - Fundação Oswaldo Cruz","Fundação Oswaldo Cruz","FIOCRUZ - Fundação Oswaldo Cruz (desde 16/09/2022) - Ativo","Órgãos/Entidades ativos","ativo"
"58",1114,"Fundação Universidade de Brasília","orgao",0,549,"UNB","470",1,"1900-01-01","2022-09-16",NA,NA,NA,NA,NA,"UNB - Fundação Universidade de Brasília","Fundação Universidade de Brasília","UNB - Fundação Universidade de Brasília (desde 16/09/2022) - Ativo","Órgãos/Entidades ativos","ativo"
"59",1109,"Fundação Universidade do Amazonas","orgao",0,549,"UFAM","465",1,"1900-01-01","2022-09-16",NA,NA,NA,NA,NA,"UFAM - Fundação Universidade do Amazonas","Fundação Universidade do Amazonas","UFAM - Fundação Universidade do Amazonas (desde 16/09/2022) - Ativo","Órgãos/Entidades ativos","ativo"
"60",1222,"Fundação Universidade Federal da Grande Dourados","orgao",0,549,"UFGD","84712",1,"1900-01-01","2022-09-16",NA,NA,NA,NA,NA,"UFGD - Fundação Universidade Federal da Grande Dourados","Fundação Universidade Federal da Grande Dourados","UFGD - Fundação Universidade Federal da Grande Dourados (desde 16/09/2022) - Ativo","Órgãos/Entidades ativos","ativo"
"61",1133,"Fundação Universidade Federal de Ciências da Saúde de Porto Alegre","orgao",0,549,"UFCSPA","970",1,"1900-01-01","2022-09-16",NA,NA,NA,NA,NA,"UFCSPA - Fundação Universidade Federal de Ciências da Saúde de Porto Alegre","Fundação Universidade Federal de Ciências da Saúde de Porto Alegre","UFCSPA - Fundação Universidade Federal de Ciências da Saúde de Porto Alegre (desde 16/09/2022) - Ativo","Órgãos/Entidades ativos","ativo"
"62",1377,"Fundação Universidade Federal de Mato Grosso","orgao",0,549,"UFMT","471",1,"1900-01-01","2022-09-16",NA,NA,39,NA,NA,"UFMT - Fundação Universidade Federal de Mato Grosso","Fundação Universidade Federal de Mato Grosso","UFMT - Fundação Universidade Federal de Mato Grosso (desde 16/09/2022) - Ativo","Órgãos/Entidades ativos","ativo"
"63",1127,"Fundação Universidade Federal de Mato Grosso do Sul","orgao",0,549,"UFMS","827",1,"1900-01-01","2022-09-16",NA,NA,NA,NA,NA,"UFMS - Fundação Universidade Federal de Mato Grosso do Sul","Fundação Universidade Federal de Mato Grosso do Sul","UFMS - Fundação Universidade Federal de Mato Grosso do Sul (desde 16/09/2022) - Ativo","Órgãos/Entidades ativos","ativo"
"64",1117,"Fundação Universidade Federal de Ouro Preto","orgao",0,549,"FUFOP","473",1,"1900-01-01","2022-09-16",NA,NA,NA,NA,NA,"FUFOP - Fundação Universidade Federal de Ouro Preto","Fundação Universidade Federal de Ouro Preto","FUFOP - Fundação Universidade Federal de Ouro Preto (desde 16/09/2022) - Ativo","Órgãos/Entidades ativos","ativo"
"65",1121,"Fundação Universidade Federal de Pelotas","orgao",0,549,"UFPel","477",1,"1900-01-01","2022-09-16",NA,NA,NA,NA,NA,"UFPel - Fundação Universidade Federal de Pelotas","Fundação Universidade Federal de Pelotas","UFPel - Fundação Universidade Federal de Pelotas (desde 16/09/2022) - Ativo","Órgãos/Entidades ativos","ativo"
"66",1137,"Fundação Universidade Federal de Rondônia","orgao",0,549,"UNIR","1209",1,"1900-01-01","2022-09-16",NA,NA,NA,NA,NA,"UNIR - Fundação Universidade Federal de Rondônia","Fundação Universidade Federal de Rondônia","UNIR - Fundação Universidade Federal de Rondônia (desde 16/09/2022) - Ativo","Órgãos/Entidades ativos","ativo"
"67",1139,"Fundação Universidade Federal de Roraima","orgao",0,549,"UFRR","1605",1,"1900-01-01","2022-09-16",NA,NA,NA,NA,NA,"UFRR - Fundação Universidade Federal de Roraima","Fundação Universidade Federal de Roraima","UFRR - Fundação Universidade Federal de Roraima (desde 16/09/2022) - Ativo","Órgãos/Entidades ativos","ativo"
"68",1119,"Fundação Universidade Federal de São Carlos","orgao",0,549,"UFSCar","475",1,"1900-01-01","2022-09-16",NA,NA,NA,NA,NA,"UFSCar - Fundação Universidade Federal de São Carlos","Fundação Universidade Federal de São Carlos","UFSCar - Fundação Universidade Federal de São Carlos (desde 16/09/2022) - Ativo","Órgãos/Entidades ativos","ativo"
"69",1141,"Fundação Universidade Federal de São João Del Rei","orgao",0,549,"FUNRei","1734",1,"1900-01-01","2022-09-16",NA,NA,NA,NA,NA,"FUNRei - Fundação Universidade Federal de São João Del Rei","Fundação Universidade Federal de São João Del Rei","FUNRei - Fundação Universidade Federal de São João Del Rei (desde 16/09/2022) - Ativo","Órgãos/Entidades ativos","ativo"
"70",1113,"Fundação Universidade Federal de Sergipe","orgao",0,549,"UFS","469",1,"1900-01-01","2022-09-16",NA,NA,NA,NA,NA,"UFS - Fundação Universidade Federal de Sergipe","Fundação Universidade Federal de Sergipe","UFS - Fundação Universidade Federal de Sergipe (desde 16/09/2022) - Ativo","Órgãos/Entidades ativos","ativo"
"71",1118,"Fundação Universidade Federal de Viçosa","orgao",0,549,"UFV","474",1,"1900-01-01","2022-09-16",NA,NA,NA,NA,NA,"UFV - Fundação Universidade Federal de Viçosa","Fundação Universidade Federal de Viçosa","UFV - Fundação Universidade Federal de Viçosa (desde 16/09/2022) - Ativo","Órgãos/Entidades ativos","ativo"
"72",1220,"Fundação Universidade Federal do ABC","orgao",0,549,"UFABC","84703",1,"1900-01-01","2022-09-16",NA,NA,NA,NA,NA,"UFABC - Fundação Universidade Federal do ABC","Fundação Universidade Federal do ABC","UFABC - Fundação Universidade Federal do ABC (desde 16/09/2022) - Ativo","Órgãos/Entidades ativos","ativo"
"73",1110,"Fundação Universidade Federal do Acre","orgao",0,549,"UFAC","466",1,"1900-01-01","2022-09-16",NA,NA,NA,NA,NA,"UFAC - Fundação Universidade Federal do Acre","Fundação Universidade Federal do Acre","UFAC - Fundação Universidade Federal do Acre (desde 16/09/2022) - Ativo","Órgãos/Entidades ativos","ativo"
"74",1140,"Fundação Universidade Federal do Amapá","orgao",0,549,"UNIFAP","1710",1,"1900-01-01","2022-09-16",NA,NA,NA,NA,NA,"UNIFAP - Fundação Universidade Federal do Amapá","Fundação Universidade Federal do Amapá","UNIFAP - Fundação Universidade Federal do Amapá (desde 16/09/2022) - Ativo","Órgãos/Entidades ativos","ativo"
"75",1111,"Fundação Universidade Federal do Maranhão","orgao",0,549,"UFMA","467",1,"1900-01-01","2022-09-16",NA,NA,NA,NA,NA,"UFMA - Fundação Universidade Federal do Maranhão","Fundação Universidade Federal do Maranhão","UFMA - Fundação Universidade Federal do Maranhão (desde 16/09/2022) - Ativo","Órgãos/Entidades ativos","ativo"
"76",1237,"Fundação Universidade Federal do Pampa","orgao",0,549,"UNIPAMPA","94739",1,"1900-01-01","2022-09-16",NA,NA,NA,NA,NA,"UNIPAMPA - Fundação Universidade Federal do Pampa","Fundação Universidade Federal do Pampa","UNIPAMPA - Fundação Universidade Federal do Pampa (desde 16/09/2022) - Ativo","Órgãos/Entidades ativos","ativo"
"77",1112,"Fundação Universidade Federal do Piauí","orgao",0,549,"UFPI","468",1,"1900-01-01","2022-09-16",NA,NA,NA,NA,NA,"UFPI - Fundação Universidade Federal do Piauí","Fundação Universidade Federal do Piauí","UFPI - Fundação Universidade Federal do Piauí (desde 16/09/2022) - Ativo","Órgãos/Entidades ativos","ativo"
"78",1120,"Fundação Universidade Federal do Rio Grande","orgao",0,549,"FURG","476",1,"1900-01-01","2022-09-16",NA,NA,NA,NA,NA,"FURG - Fundação Universidade Federal do Rio Grande","Fundação Universidade Federal do Rio Grande","FURG - Fundação Universidade Federal do Rio Grande (desde 16/09/2022) - Ativo","Órgãos/Entidades ativos","ativo"
"79",1189,"Fundação Universidade Federal do Tocantins","orgao",0,549,"UFT","52702",1,"1900-01-01","2022-09-16",NA,NA,NA,NA,NA,"UFT - Fundação Universidade Federal do Tocantins","Fundação Universidade Federal do Tocantins","UFT - Fundação Universidade Federal do Tocantins (desde 16/09/2022) - Ativo","Órgãos/Entidades ativos","ativo"
"80",1209,"Fundação Universidade Federal do Vale do São Francisco","orgao",0,549,"UNIVASF","69624",1,"1900-01-01","2022-09-16",NA,NA,NA,NA,NA,"UNIVASF - Fundação Universidade Federal do Vale do São Francisco","Fundação Universidade Federal do Vale do São Francisco","UNIVASF - Fundação Universidade Federal do Vale do São Francisco (desde 16/09/2022) - Ativo","Órgãos/Entidades ativos","ativo"
"81",1054,"Fundo Nacional de Desenvolvimento da Educação","orgao",0,549,"FNDE","253",1,"1900-01-01","2022-09-16",NA,NA,NA,NA,NA,"FNDE - Fundo Nacional de Desenvolvimento da Educação","Fundo Nacional de Desenvolvimento da Educação","FNDE - Fundo Nacional de Desenvolvimento da Educação (desde 16/09/2022) - Ativo","Órgãos/Entidades ativos","ativo"
"82",512,"Gabinete de Segurança Institucional da Presidência da República","orgao",1,NA,"GSI/PR","27",1,"1900-01-01","2022-09-16",NA,NA,NA,NA,NA,"GSI/PR - Gabinete de Segurança Institucional da Presidência da República","Gabinete de Segurança Institucional da Presidência da República","GSI/PR - Gabinete de Segurança Institucional da Presidência da República (desde 16/09/2022) - Ativo","Órgãos/Entidades ativos","ativo"
"83",1013,"Hospital das Forças Armadas","orgao",1,679,"HFA","35",1,"1900-01-01","2022-09-16",NA,NA,NA,NA,NA,"HFA - Hospital das Forças Armadas","Hospital das Forças Armadas","HFA - Hospital das Forças Armadas (desde 16/09/2022) - Ativo","Órgãos/Entidades ativos","ativo"
"84",1427,"Infra S/A","orgao",0,1411,"Infra S/A","1800",1,"2008-09-17","2023-08-17",NA,NA,38,NA,NA,"Infra S/A - Infra S/A","Infra S/A","Infra S/A - Infra S/A (desde 17/08/2023) - Ativo","Órgãos/Entidades ativos","ativo"
"85",1052,"Instituto Benjamin Constant","orgao",1,549,"IBC","251",1,"1900-01-01","2022-09-16",NA,NA,NA,NA,NA,"IBC - Instituto Benjamin Constant","Instituto Benjamin Constant","IBC - Instituto Benjamin Constant (desde 16/09/2022) - Ativo","Órgãos/Entidades ativos","ativo"
"86",1242,"Instituto Brasileiro de Museus","orgao",0,714,"IBRAM","100584",1,"1900-01-01","2022-09-16",NA,NA,NA,NA,NA,"IBRAM - Instituto Brasileiro de Museus","Instituto Brasileiro de Museus","IBRAM - Instituto Brasileiro de Museus (desde 16/09/2022) - Ativo","Órgãos/Entidades ativos","ativo"
"87",1145,"Instituto Brasileiro do Meio Ambiente e dos Recursos Naturais Renováveis","orgao",0,647,"IBAMA","1812",1,"1900-01-01","2022-09-16",NA,NA,NA,NA,NA,"IBAMA - Instituto Brasileiro do Meio Ambiente e dos Recursos Naturais Renováveis","Instituto Brasileiro do Meio Ambiente e dos Recursos Naturais Renováveis","IBAMA - Instituto Brasileiro do Meio Ambiente e dos Recursos Naturais Renováveis (desde 16/09/2022) - Ativo","Órgãos/Entidades ativos","ativo"
"88",1232,"Instituto Chico Mendes de Conservação da Biodiversidade","orgao",0,647,"ICMBio","91842",1,"1900-01-01","2022-09-16",NA,NA,NA,NA,NA,"ICMBio - Instituto Chico Mendes de Conservação da Biodiversidade","Instituto Chico Mendes de Conservação da Biodiversidade","ICMBio - Instituto Chico Mendes de Conservação da Biodiversidade (desde 16/09/2022) - Ativo","Órgãos/Entidades ativos","ativo"
"89",1004,"Instituto de Pesquisa Econômica Aplicada","orgao",0,854,"IPEA","7",1,"1900-01-01","2022-09-16",NA,NA,NA,NA,NA,"IPEA - Instituto de Pesquisa Econômica Aplicada","Instituto de Pesquisa Econômica Aplicada","IPEA - Instituto de Pesquisa Econômica Aplicada (desde 16/09/2022) - Ativo","Órgãos/Entidades ativos","ativo"
"90",1146,"Instituto de Pesquisas Jardim Botânico do Rio de Janeiro","orgao",0,647,"JBRJ","1913",1,"1900-01-01","2022-09-16",NA,NA,NA,NA,NA,"JBRJ - Instituto de Pesquisas Jardim Botânico do Rio de Janeiro","Instituto de Pesquisas Jardim Botânico do Rio de Janeiro","JBRJ - Instituto de Pesquisas Jardim Botânico do Rio de Janeiro (desde 16/09/2022) - Ativo","Órgãos/Entidades ativos","ativo"
"91",1154,"Instituto do Patrimônio Histórico e Artístico Nacional","orgao",0,714,"IPHAN","2045",1,"1900-01-01","2022-09-16",NA,NA,NA,NA,NA,"IPHAN - Instituto do Patrimônio Histórico e Artístico Nacional","Instituto do Patrimônio Histórico e Artístico Nacional","IPHAN - Instituto do Patrimônio Histórico e Artístico Nacional (desde 16/09/2022) - Ativo","Órgãos/Entidades ativos","ativo"
"92",1263,"Instituto Federal de Educação, Ciência e Tecnologia Baiano","orgao",0,549,"IF BAIANO","100920",1,"1900-01-01","2022-09-16",NA,NA,NA,NA,NA,"IF BAIANO - Instituto Federal de Educação, Ciência e Tecnologia Baiano","Instituto Federal de Educação, Ciência e Tecnologia Baiano","IF BAIANO - Instituto Federal de Educação, Ciência e Tecnologia Baiano (desde 16/09/2022) - Ativo","Órgãos/Entidades ativos","ativo"
"93",1262,"Instituto Federal de Educação, Ciência e Tecnologia Catarinense","orgao",0,549,"IFC","100919",1,"1900-01-01","2022-09-16",NA,NA,NA,NA,NA,"IFC - Instituto Federal de Educação, Ciência e Tecnologia Catarinense","Instituto Federal de Educação, Ciência e Tecnologia Catarinense","IFC - Instituto Federal de Educação, Ciência e Tecnologia Catarinense (desde 16/09/2022) - Ativo","Órgãos/Entidades ativos","ativo"
"94",1093,"Instituto Federal de Educação, Ciência e Tecnologia da Bahia","orgao",0,549,"IFBA","444",1,"1900-01-01","2022-09-16",NA,NA,NA,NA,NA,"IFBA - Instituto Federal de Educação, Ciência e Tecnologia da Bahia","Instituto Federal de Educação, Ciência e Tecnologia da Bahia","IFBA - Instituto Federal de Educação, Ciência e Tecnologia da Bahia (desde 16/09/2022) - Ativo","Órgãos/Entidades ativos","ativo"
"95",1248,"Instituto Federal de Educação, Ciência e Tecnologia da Paraíba","orgao",0,549,"IFPB","100905",1,"1900-01-01","2022-09-16",NA,NA,NA,NA,NA,"IFPB - Instituto Federal de Educação, Ciência e Tecnologia da Paraíba","Instituto Federal de Educação, Ciência e Tecnologia da Paraíba","IFPB - Instituto Federal de Educação, Ciência e Tecnologia da Paraíba (desde 16/09/2022) - Ativo","Órgãos/Entidades ativos","ativo"
"96",1243,"Instituto Federal de Educação, Ciência e Tecnologia de Alagoas","orgao",0,549,"IFAL","100900",1,"1900-01-01","2022-09-16",NA,NA,NA,NA,NA,"IFAL - Instituto Federal de Educação, Ciência e Tecnologia de Alagoas","Instituto Federal de Educação, Ciência e Tecnologia de Alagoas","IFAL - Instituto Federal de Educação, Ciência e Tecnologia de Alagoas (desde 16/09/2022) - Ativo","Órgãos/Entidades ativos","ativo"
"97",1236,"Instituto Federal de Educação, Ciência e Tecnologia de Brasília","orgao",0,549,"IFB","94430",1,"1900-01-01","2022-09-16",NA,NA,NA,NA,NA,"IFB - Instituto Federal de Educação, Ciência e Tecnologia de Brasília","Instituto Federal de Educação, Ciência e Tecnologia de Brasília","IFB - Instituto Federal de Educação, Ciência e Tecnologia de Brasília (desde 16/09/2022) - Ativo","Órgãos/Entidades ativos","ativo"
"98",1096,"Instituto Federal de Educação, Ciência e Tecnologia de Goiás","orgao",0,549,"IFG","451",1,"1900-01-01","2022-09-16",NA,NA,NA,NA,NA,"IFG - Instituto Federal de Educação, Ciência e Tecnologia de Goiás","Instituto Federal de Educação, Ciência e Tecnologia de Goiás","IFG - Instituto Federal de Educação, Ciência e Tecnologia de Goiás (desde 16/09/2022) - Ativo","Órgãos/Entidades ativos","ativo"
"99",1259,"Instituto Federal de Educação, Ciência e Tecnologia de Mato Grosso","orgao",0,549,"IFMT","100916",1,"1900-01-01","2022-09-16",NA,NA,NA,NA,NA,"IFMT - Instituto Federal de Educação, Ciência e Tecnologia de Mato Grosso","Instituto Federal de Educação, Ciência e Tecnologia de Mato Grosso","IFMT - Instituto Federal de Educação, Ciência e Tecnologia de Mato Grosso (desde 16/09/2022) - Ativo","Órgãos/Entidades ativos","ativo"
"100",1247,"Instituto Federal de Educação, Ciência e Tecnologia de Mato Grosso do Sul","orgao",0,549,"IFMS","100904",1,"1900-01-01","2022-09-16",NA,NA,NA,NA,NA,"IFMS - Instituto Federal de Educação, Ciência e Tecnologia de Mato Grosso do Sul","Instituto Federal de Educação, Ciência e Tecnologia de Mato Grosso do Sul","IFMS - Instituto Federal de Educação, Ciência e Tecnologia de Mato Grosso do Sul (desde 16/09/2022) - Ativo","Órgãos/Entidades ativos","ativo"
"101",1257,"Instituto Federal de Educação, Ciência e Tecnologia de Minas Gerais","orgao",0,549,"IFMG","100914",1,"1900-01-01","2022-09-16",NA,NA,NA,NA,NA,"IFMG - Instituto Federal de Educação, Ciência e Tecnologia de Minas Gerais","Instituto Federal de Educação, Ciência e Tecnologia de Minas Gerais","IFMG - Instituto Federal de Educação, Ciência e Tecnologia de Minas Gerais (desde 16/09/2022) - Ativo","Órgãos/Entidades ativos","ativo"
"102",1265,"Instituto Federal de Educação, Ciência e Tecnologia de Pernambuco","orgao",0,549,"IFPE","100922",1,"1900-01-01","2022-09-16",NA,NA,NA,NA,NA,"IFPE - Instituto Federal de Educação, Ciência e Tecnologia de Pernambuco","Instituto Federal de Educação, Ciência e Tecnologia de Pernambuco","IFPE - Instituto Federal de Educação, Ciência e Tecnologia de Pernambuco (desde 16/09/2022) - Ativo","Órgãos/Entidades ativos","ativo"
"103",1250,"Instituto Federal de Educação, Ciência e Tecnologia de Rondônia","orgao",0,549,"IFRO","100907",1,"1900-01-01","2022-09-16",NA,NA,NA,NA,NA,"IFRO - Instituto Federal de Educação, Ciência e Tecnologia de Rondônia","Instituto Federal de Educação, Ciência e Tecnologia de Rondônia","IFRO - Instituto Federal de Educação, Ciência e Tecnologia de Rondônia (desde 16/09/2022) - Ativo","Órgãos/Entidades ativos","ativo"
"104",1162,"Instituto Federal de Educação, Ciência e Tecnologia de Roraima","orgao",0,549,"IFRR","3561",1,"1900-01-01","2022-09-16",NA,NA,NA,NA,NA,"IFRR - Instituto Federal de Educação, Ciência e Tecnologia de Roraima","Instituto Federal de Educação, Ciência e Tecnologia de Roraima","IFRR - Instituto Federal de Educação, Ciência e Tecnologia de Roraima (desde 16/09/2022) - Ativo","Órgãos/Entidades ativos","ativo"
"105",1099,"Instituto Federal de Educação, Ciência e Tecnologia de Santa Catarina","orgao",0,549,"IFSC","455",1,"1900-01-01","2022-09-16",NA,NA,NA,NA,NA,"IFSC - Instituto Federal de Educação, Ciência e Tecnologia de Santa Catarina","Instituto Federal de Educação, Ciência e Tecnologia de Santa Catarina","IFSC - Instituto Federal de Educação, Ciência e Tecnologia de Santa Catarina (desde 16/09/2022) - Ativo","Órgãos/Entidades ativos","ativo"
"106",1097,"Instituto Federal de Educação, Ciência e Tecnologia de São Paulo","orgao",0,549,"IFSP","453",1,"1900-01-01","2022-09-16",NA,NA,NA,NA,NA,"IFSP - Instituto Federal de Educação, Ciência e Tecnologia de São Paulo","Instituto Federal de Educação, Ciência e Tecnologia de São Paulo","IFSP - Instituto Federal de Educação, Ciência e Tecnologia de São Paulo (desde 16/09/2022) - Ativo","Órgãos/Entidades ativos","ativo"
"107",1252,"Instituto Federal de Educação, Ciência e Tecnologia de Sergipe","orgao",0,549,"IFS","100909",1,"1900-01-01","2022-09-16",NA,NA,NA,NA,NA,"IFS - Instituto Federal de Educação, Ciência e Tecnologia de Sergipe","Instituto Federal de Educação, Ciência e Tecnologia de Sergipe","IFS - Instituto Federal de Educação, Ciência e Tecnologia de Sergipe (desde 16/09/2022) - Ativo","Órgãos/Entidades ativos","ativo"
"108",1234,"Instituto Federal de Educação, Ciência e Tecnologia do Acre","orgao",0,549,"IFAC","94427",1,"1900-01-01","2022-09-16",NA,NA,NA,NA,NA,"IFAC - Instituto Federal de Educação, Ciência e Tecnologia do Acre","Instituto Federal de Educação, Ciência e Tecnologia do Acre","IFAC - Instituto Federal de Educação, Ciência e Tecnologia do Acre (desde 16/09/2022) - Ativo","Órgãos/Entidades ativos","ativo"
"109",1235,"Instituto Federal de Educação, Ciência e Tecnologia do Amapá","orgao",0,549,"IFAP","94428",1,"1900-01-01","2022-09-16",NA,NA,NA,NA,NA,"IFAP - Instituto Federal de Educação, Ciência e Tecnologia do Amapá","Instituto Federal de Educação, Ciência e Tecnologia do Amapá","IFAP - Instituto Federal de Educação, Ciência e Tecnologia do Amapá (desde 16/09/2022) - Ativo","Órgãos/Entidades ativos","ativo"
"110",1253,"Instituto Federal de Educação, Ciência e Tecnologia do Amazonas","orgao",0,549,"IFAM","100910",1,"1900-01-01","2022-09-16",NA,NA,NA,NA,NA,"IFAM - Instituto Federal de Educação, Ciência e Tecnologia do Amazonas","Instituto Federal de Educação, Ciência e Tecnologia do Amazonas","IFAM - Instituto Federal de Educação, Ciência e Tecnologia do Amazonas (desde 16/09/2022) - Ativo","Órgãos/Entidades ativos","ativo"
"111",1254,"Instituto Federal de Educação, Ciência e Tecnologia do Ceará","orgao",0,549,"IFCE","100911",1,"1900-01-01","2022-09-16",NA,NA,NA,NA,NA,"IFCE - Instituto Federal de Educação, Ciência e Tecnologia do Ceará","Instituto Federal de Educação, Ciência e Tecnologia do Ceará","IFCE - Instituto Federal de Educação, Ciência e Tecnologia do Ceará (desde 16/09/2022) - Ativo","Órgãos/Entidades ativos","ativo"
"112",1255,"Instituto Federal de Educação, Ciência e Tecnologia do Espírito Santo","orgao",0,549,"IFES","100912",1,"1900-01-01","2022-09-16",NA,NA,NA,NA,NA,"IFES - Instituto Federal de Educação, Ciência e Tecnologia do Espírito Santo","Instituto Federal de Educação, Ciência e Tecnologia do Espírito Santo","IFES - Instituto Federal de Educação, Ciência e Tecnologia do Espírito Santo (desde 16/09/2022) - Ativo","Órgãos/Entidades ativos","ativo"
"113",1264,"Instituto Federal de Educação, Ciência e Tecnologia do Maranhão","orgao",0,549,"IFMA","100921",1,"1900-01-01","2022-09-16",NA,NA,NA,NA,NA,"IFMA - Instituto Federal de Educação, Ciência e Tecnologia do Maranhão","Instituto Federal de Educação, Ciência e Tecnologia do Maranhão","IFMA - Instituto Federal de Educação, Ciência e Tecnologia do Maranhão (desde 16/09/2022) - Ativo","Órgãos/Entidades ativos","ativo"
"114",1244,"Instituto Federal de Educação, Ciência e Tecnologia do Norte de Minas Gerais","orgao",0,549,"IFNMG","100901",1,"1900-01-01","2022-09-16",NA,NA,NA,NA,NA,"IFNMG - Instituto Federal de Educação, Ciência e Tecnologia do Norte de Minas Gerais","Instituto Federal de Educação, Ciência e Tecnologia do Norte de Minas Gerais","IFNMG - Instituto Federal de Educação, Ciência e Tecnologia do Norte de Minas Gerais (desde 16/09/2022) - Ativo","Órgãos/Entidades ativos","ativo"
"115",1260,"Instituto Federal de Educação, Ciência e Tecnologia do Pará","orgao",0,549,"IFPA","100917",1,"1900-01-01","2022-09-16",NA,NA,NA,NA,NA,"IFPA - Instituto Federal de Educação, Ciência e Tecnologia do Pará","Instituto Federal de Educação, Ciência e Tecnologia do Pará","IFPA - Instituto Federal de Educação, Ciência e Tecnologia do Pará (desde 16/09/2022) - Ativo","Órgãos/Entidades ativos","ativo"
"116",1188,"Instituto Federal de Educação, Ciência e Tecnologia do Paraná","orgao",0,549,"IFPR","49103",1,"1900-01-01","2022-09-16",NA,NA,NA,NA,NA,"IFPR - Instituto Federal de Educação, Ciência e Tecnologia do Paraná","Instituto Federal de Educação, Ciência e Tecnologia do Paraná","IFPR - Instituto Federal de Educação, Ciência e Tecnologia do Paraná (desde 16/09/2022) - Ativo","Órgãos/Entidades ativos","ativo"
"117",1091,"Instituto Federal de Educação, Ciência e Tecnologia do Piauí","orgao",0,549,"IFPI","434",1,"1900-01-01","2022-09-16",NA,NA,NA,NA,NA,"IFPI - Instituto Federal de Educação, Ciência e Tecnologia do Piauí","Instituto Federal de Educação, Ciência e Tecnologia do Piauí","IFPI - Instituto Federal de Educação, Ciência e Tecnologia do Piauí (desde 16/09/2022) - Ativo","Órgãos/Entidades ativos","ativo"
"118",1266,"Instituto Federal de Educação, Ciência e Tecnologia do Rio de Janeiro","orgao",0,549,"IFRJ","100930",1,"1900-01-01","2022-09-16",NA,NA,NA,NA,NA,"IFRJ - Instituto Federal de Educação, Ciência e Tecnologia do Rio de Janeiro","Instituto Federal de Educação, Ciência e Tecnologia do Rio de Janeiro","IFRJ - Instituto Federal de Educação, Ciência e Tecnologia do Rio de Janeiro (desde 16/09/2022) - Ativo","Órgãos/Entidades ativos","ativo"
"119",1092,"Instituto Federal de Educação, Ciência e Tecnologia do Rio Grande do Norte","orgao",0,549,"IFRN","439",1,"1900-01-01","2022-09-16",NA,NA,NA,NA,NA,"IFRN - Instituto Federal de Educação, Ciência e Tecnologia do Rio Grande do Norte","Instituto Federal de Educação, Ciência e Tecnologia do Rio Grande do Norte","IFRN - Instituto Federal de Educação, Ciência e Tecnologia do Rio Grande do Norte (desde 16/09/2022) - Ativo","Órgãos/Entidades ativos","ativo"
"120",1261,"Instituto Federal de Educação, Ciência e Tecnologia do Rio Grande do Sul","orgao",0,549,"IFRS","100918",1,"1900-01-01","2022-09-16",NA,NA,NA,NA,NA,"IFRS - Instituto Federal de Educação, Ciência e Tecnologia do Rio Grande do Sul","Instituto Federal de Educação, Ciência e Tecnologia do Rio Grande do Sul","IFRS - Instituto Federal de Educação, Ciência e Tecnologia do Rio Grande do Sul (desde 16/09/2022) - Ativo","Órgãos/Entidades ativos","ativo"
"121",1182,"Instituto Federal de Educação, Ciência e Tecnologia do Sertão Pernambucano","orgao",0,549,"IFSERPE","46784",1,"1900-01-01","2022-09-16",NA,NA,NA,NA,NA,"IFSERPE - Instituto Federal de Educação, Ciência e Tecnologia do Sertão Pernambucano","Instituto Federal de Educação, Ciência e Tecnologia do Sertão Pernambucano","IFSERPE - Instituto Federal de Educação, Ciência e Tecnologia do Sertão Pernambucano (desde 16/09/2022) - Ativo","Órgãos/Entidades ativos","ativo"
"122",1245,"Instituto Federal de Educação, Ciência e Tecnologia do Sudeste de Minas Gerais","orgao",0,549,"IFSUDMG","100902",1,"1900-01-01","2022-09-16",NA,NA,NA,NA,NA,"IFSUDMG - Instituto Federal de Educação, Ciência e Tecnologia do Sudeste de Minas Gerais","Instituto Federal de Educação, Ciência e Tecnologia do Sudeste de Minas Gerais","IFSUDMG - Instituto Federal de Educação, Ciência e Tecnologia do Sudeste de Minas Gerais (desde 16/09/2022) - Ativo","Órgãos/Entidades ativos","ativo"
"123",1258,"Instituto Federal de Educação, Ciência e Tecnologia do Sul de Minas Gerais","orgao",0,549,"IFSULMG","100915",1,"1900-01-01","2022-09-16",NA,NA,NA,NA,NA,"IFSULMG - Instituto Federal de Educação, Ciência e Tecnologia do Sul de Minas Gerais","Instituto Federal de Educação, Ciência e Tecnologia do Sul de Minas Gerais","IFSULMG - Instituto Federal de Educação, Ciência e Tecnologia do Sul de Minas Gerais (desde 16/09/2022) - Ativo","Órgãos/Entidades ativos","ativo"
"124",1251,"Instituto Federal de Educação, Ciência e Tecnologia do Tocantins","orgao",0,549,"IFTO","100908",1,"1900-01-01","2022-09-16",NA,NA,NA,NA,NA,"IFTO - Instituto Federal de Educação, Ciência e Tecnologia do Tocantins","Instituto Federal de Educação, Ciência e Tecnologia do Tocantins","IFTO - Instituto Federal de Educação, Ciência e Tecnologia do Tocantins (desde 16/09/2022) - Ativo","Órgãos/Entidades ativos","ativo"
"125",1246,"Instituto Federal de Educação, Ciência e Tecnologia do Triângulo Mineiro","orgao",0,549,"IFTM","100903",1,"1900-01-01","2022-09-16",NA,NA,NA,NA,NA,"IFTM - Instituto Federal de Educação, Ciência e Tecnologia do Triângulo Mineiro","Instituto Federal de Educação, Ciência e Tecnologia do Triângulo Mineiro","IFTM - Instituto Federal de Educação, Ciência e Tecnologia do Triângulo Mineiro (desde 16/09/2022) - Ativo","Órgãos/Entidades ativos","ativo"
"126",1249,"Instituto Federal de Educação, Ciência e Tecnologia Farroupilha","orgao",0,549,"IFFAR","100906",1,"1900-01-01","2022-09-16",NA,NA,NA,NA,NA,"IFFAR - Instituto Federal de Educação, Ciência e Tecnologia Farroupilha","Instituto Federal de Educação, Ciência e Tecnologia Farroupilha","IFFAR - Instituto Federal de Educação, Ciência e Tecnologia Farroupilha (desde 16/09/2022) - Ativo","Órgãos/Entidades ativos","ativo"
"127",1267,"Instituto Federal de Educação, Ciência e Tecnologia Fluminense","orgao",0,549,"IFF","100931",1,"1900-01-01","2022-09-16",NA,NA,NA,NA,NA,"IFF - Instituto Federal de Educação, Ciência e Tecnologia Fluminense","Instituto Federal de Educação, Ciência e Tecnologia Fluminense","IFF - Instituto Federal de Educação, Ciência e Tecnologia Fluminense (desde 16/09/2022) - Ativo","Órgãos/Entidades ativos","ativo"
"128",1256,"Instituto Federal de Educação, Ciência e Tecnologia Goiano","orgao",0,549,"IF-GOIANO","100913",1,"1900-01-01","2022-09-16",NA,NA,NA,NA,NA,"IF-GOIANO - Instituto Federal de Educação, Ciência e Tecnologia Goiano","Instituto Federal de Educação, Ciência e Tecnologia Goiano","IF-GOIANO - Instituto Federal de Educação, Ciência e Tecnologia Goiano (desde 16/09/2022) - Ativo","Órgãos/Entidades ativos","ativo"
"129",1100,"Instituto Federal de Educação, Ciência e Tecnologia Sul-Rio-Grandense","orgao",0,549,"IFSul","456",1,"1900-01-01","2022-09-16",NA,NA,NA,NA,NA,"IFSul - Instituto Federal de Educação, Ciência e Tecnologia Sul-Rio-Grandense","Instituto Federal de Educação, Ciência e Tecnologia Sul-Rio-Grandense","IFSul - Instituto Federal de Educação, Ciência e Tecnologia Sul-Rio-Grandense (desde 16/09/2022) - Ativo","Órgãos/Entidades ativos","ativo"
"130",1071,"Instituto Nacional da Propriedade Industrial","orgao",0,854,"INPI","382",1,"1900-01-01","2022-09-16",NA,NA,NA,NA,NA,"INPI - Instituto Nacional da Propriedade Industrial","Instituto Nacional da Propriedade Industrial","INPI - Instituto Nacional da Propriedade Industrial (desde 16/09/2022) - Ativo","Órgãos/Entidades ativos","ativo"
"131",1143,"Instituto Nacional de Colonização e Reforma Agrária","orgao",0,509,"INCRA","1799",1,"1900-01-01","2022-09-16",NA,NA,NA,NA,NA,"INCRA - Instituto Nacional de Colonização e Reforma Agrária","Instituto Nacional de Colonização e Reforma Agrária","INCRA - Instituto Nacional de Colonização e Reforma Agrária (desde 16/09/2022) - Ativo","Órgãos/Entidades ativos","ativo"
"132",1053,"Instituto Nacional de Educação de Surdos","orgao",1,549,"INES","252",1,"1900-01-01","2022-09-16",NA,NA,NA,NA,NA,"INES - Instituto Nacional de Educação de Surdos","Instituto Nacional de Educação de Surdos","INES - Instituto Nacional de Educação de Surdos (desde 16/09/2022) - Ativo","Órgãos/Entidades ativos","ativo"
"133",1050,"Instituto Nacional de Estudos e Pesquisas Educacionais Anísio Teixeira","orgao",0,549,"INEP","249",1,"1900-01-01","2022-09-16",NA,NA,NA,NA,NA,"INEP - Instituto Nacional de Estudos e Pesquisas Educacionais Anísio Teixeira","Instituto Nacional de Estudos e Pesquisas Educacionais Anísio Teixeira","INEP - Instituto Nacional de Estudos e Pesquisas Educacionais Anísio Teixeira (desde 16/09/2022) - Ativo","Órgãos/Entidades ativos","ativo"
"134",1047,"Instituto Nacional de Metrologia, Qualidade e Tecnologia","orgao",0,854,"INMETRO","240",1,"1900-01-01","2022-09-16",NA,NA,NA,NA,NA,"INMETRO - Instituto Nacional de Metrologia, Qualidade e Tecnologia","Instituto Nacional de Metrologia, Qualidade e Tecnologia","INMETRO - Instituto Nacional de Metrologia, Qualidade e Tecnologia (desde 16/09/2022) - Ativo","Órgãos/Entidades ativos","ativo"
"135",1184,"Instituto Nacional de Tecnologia da Informação","orgao",0,659,"ITI","47388",1,"1900-01-01","2022-09-16",NA,NA,NA,NA,NA,"ITI - Instituto Nacional de Tecnologia da Informação","Instituto Nacional de Tecnologia da Informação","ITI - Instituto Nacional de Tecnologia da Informação (desde 16/09/2022) - Ativo","Órgãos/Entidades ativos","ativo"
"136",1149,"Instituto Nacional do Seguro Social","orgao",0,864,"INSS","1934",1,"1900-01-01","2022-09-16",NA,NA,NA,NA,NA,"INSS - Instituto Nacional do Seguro Social","Instituto Nacional do Seguro Social","INSS - Instituto Nacional do Seguro Social (desde 16/09/2022) - Ativo","Órgãos/Entidades ativos","ativo"
"137",1419,"Ministério da Agricultura e Pecuária","orgao",1,NA,"MAPA","308793",1,"2023-01-01","2023-01-01",NA,NA,NA,NA,NA,"MAPA - Ministério da Agricultura e Pecuária","Ministério da Agricultura e Pecuária","MAPA - Ministério da Agricultura e Pecuária (desde 01/01/2023) - Ativo","Órgãos/Entidades ativos","ativo"
"138",862,"Ministério da Ciência, Tecnologia e Inovações","orgao",1,NA,"MCTI","267175",1,"1900-01-01","2022-09-16",NA,NA,NA,NA,NA,"MCTI - Ministério da Ciência, Tecnologia e Inovações","Ministério da Ciência, Tecnologia e Inovações","MCTI - Ministério da Ciência, Tecnologia e Inovações (desde 16/09/2022) - Ativo","Órgãos/Entidades ativos","ativo"
"139",1409,"Ministério da Cultura","orgao",1,NA,"MinC","308821",1,"2023-01-01","2023-02-08",NA,NA,NA,NA,NA,"MinC - Ministério da Cultura","Ministério da Cultura","MinC - Ministério da Cultura (desde 08/02/2023) - Ativo","Órgãos/Entidades ativos","ativo"
"140",679,"Ministério da Defesa","orgao",1,NA,"MD","41066",1,"1900-01-01","2022-09-16",NA,NA,NA,NA,NA,"MD - Ministério da Defesa","Ministério da Defesa","MD - Ministério da Defesa (desde 16/09/2022) - Ativo","Órgãos/Entidades ativos","ativo"
"141",549,"Ministério da Educação","orgao",1,NA,"MEC","244",1,"1900-01-01","2022-09-16",NA,NA,NA,NA,NA,"MEC - Ministério da Educação","Ministério da Educação","MEC - Ministério da Educação (desde 16/09/2022) - Ativo","Órgãos/Entidades ativos","ativo"
"142",1384,"Ministério da Fazenda","orgao",1,NA,"MF","308800",1,"2023-01-01","2023-01-11",NA,NA,NA,NA,NA,"MF - Ministério da Fazenda","Ministério da Fazenda","MF - Ministério da Fazenda (desde 11/01/2023) - Ativo","Órgãos/Entidades ativos","ativo"
"143",1391,"Ministério da Gestão e da Inovação em Serviços Públicos","orgao",1,NA,"MGISP","308803",1,"2023-01-01","2023-01-27",NA,NA,NA,NA,NA,"MGISP - Ministério da Gestão e da Inovação em Serviços Públicos","Ministério da Gestão e da Inovação em Serviços Públicos","MGISP - Ministério da Gestão e da Inovação em Serviços Públicos (desde 27/01/2023) - Ativo","Órgãos/Entidades ativos","ativo"
"144",1405,"Ministério da Igualdade Racial","orgao",1,NA,"MIR","308823",1,"2023-01-01","2023-02-06",NA,NA,NA,NA,NA,"MIR - Ministério da Igualdade Racial","Ministério da Igualdade Racial","MIR - Ministério da Igualdade Racial (desde 06/02/2023) - Ativo","Órgãos/Entidades ativos","ativo"
"145",1393,"Ministério da Integração e do Desenvolvimento Regional","orgao",1,NA,"MIDR","308799",1,"2023-01-01","2023-01-01",NA,NA,NA,NA,NA,"MIDR - Ministério da Integração e do Desenvolvimento Regional","Ministério da Integração e do Desenvolvimento Regional","MIDR - Ministério da Integração e do Desenvolvimento Regional (desde 01/01/2023) - Ativo","Órgãos/Entidades ativos","ativo"
"146",856,"Ministério da Justiça e Segurança Pública","orgao",1,NA,"MJSP","235881",1,"1900-01-01","2022-09-16",NA,NA,NA,NA,NA,"MJSP - Ministério da Justiça e Segurança Pública","Ministério da Justiça e Segurança Pública","MJSP - Ministério da Justiça e Segurança Pública (desde 16/09/2022) - Ativo","Órgãos/Entidades ativos","ativo"
"147",1413,"Ministério da Pesca e Aquicultura","orgao",1,NA,"MPA","308795",1,"2023-01-01","2023-02-15",NA,NA,NA,NA,NA,"MPA - Ministério da Pesca e Aquicultura","Ministério da Pesca e Aquicultura","MPA - Ministério da Pesca e Aquicultura (desde 15/02/2023) - Ativo","Órgãos/Entidades ativos","ativo"
"148",1417,"Ministério da Previdência Social","orgao",1,NA,"MPS","308819",1,"2023-01-01","2023-02-27",NA,NA,NA,NA,NA,"MPS - Ministério da Previdência Social","Ministério da Previdência Social","MPS - Ministério da Previdência Social (desde 27/02/2023) - Ativo","Órgãos/Entidades ativos","ativo"
"149",563,"Ministério da Saúde","orgao",1,NA,"MS","304",1,"1900-01-01","2022-09-16",NA,NA,NA,NA,NA,"MS - Ministério da Saúde","Ministério da Saúde","MS - Ministério da Saúde (desde 16/09/2022) - Ativo","Órgãos/Entidades ativos","ativo"
"150",1395,"Ministério das Cidades","orgao",1,NA,"MCID","308798",1,"2023-01-01","2023-01-01",NA,NA,NA,NA,NA,"MCID - Ministério das Cidades","Ministério das Cidades","MCID - Ministério das Cidades (desde 01/01/2023) - Ativo","Órgãos/Entidades ativos","ativo"
"151",860,"Ministério das Comunicações","orgao",1,NA,"MCOM","264359",1,"1900-01-01","2022-09-16",NA,NA,NA,NA,NA,"MCOM - Ministério das Comunicações","Ministério das Comunicações","MCOM - Ministério das Comunicações (desde 16/09/2022) - Ativo","Órgãos/Entidades ativos","ativo"
"152",1424,"Ministério das Mulheres","orgao",1,NA,"MMULHERES","308815",1,"2023-01-01","2023-01-01",NA,NA,NA,NA,NA,"MMULHERES - Ministério das Mulheres","Ministério das Mulheres","MMULHERES - Ministério das Mulheres (desde 01/01/2023) - Ativo","Órgãos/Entidades ativos","ativo"
"153",560,"Ministério das Relações Exteriores","orgao",1,NA,"MRE","263",1,"1900-01-01","2022-09-16",NA,NA,NA,NA,NA,"MRE - Ministério das Relações Exteriores","Ministério das Relações Exteriores","MRE - Ministério das Relações Exteriores (desde 16/09/2022) - Ativo","Órgãos/Entidades ativos","ativo"
"154",661,"Ministério de Minas e Energia","orgao",1,NA,"MME","2852",1,"1900-01-01","2022-09-16",NA,NA,NA,NA,NA,"MME - Ministério de Minas e Energia","Ministério de Minas e Energia","MME - Ministério de Minas e Energia (desde 16/09/2022) - Ativo","Órgãos/Entidades ativos","ativo"
"155",1415,"Ministério de Portos e Aeroportos","orgao",1,NA,"MPOR","308817",1,"2023-01-01","2023-02-23",NA,NA,NA,NA,NA,"MPOR - Ministério de Portos e Aeroportos","Ministério de Portos e Aeroportos","MPOR - Ministério de Portos e Aeroportos (desde 23/02/2023) - Ativo","Órgãos/Entidades ativos","ativo"
"156",1407,"Ministério do Desenvolvimento Agrário e Agricultura Familiar","orgao",1,NA,"MDA","308794",1,"2023-01-01","2023-02-08",NA,NA,NA,NA,NA,"MDA - Ministério do Desenvolvimento Agrário e Agricultura Familiar","Ministério do Desenvolvimento Agrário e Agricultura Familiar","MDA - Ministério do Desenvolvimento Agrário e Agricultura Familiar (desde 08/02/2023) - Ativo","Órgãos/Entidades ativos","ativo"
"157",1389,"Ministério do Desenvolvimento e Assistência Social, Família e Combate à Fome","orgao",1,NA,"MDS","308796",1,"2023-01-01","2023-01-01",NA,NA,NA,NA,NA,"MDS - Ministério do Desenvolvimento e Assistência Social, Família e Combate à Fome","Ministério do Desenvolvimento e Assistência Social, Família e Combate à Fome","MDS - Ministério do Desenvolvimento e Assistência Social, Família e Combate à Fome (desde 01/01/2023) - Ativo","Órgãos/Entidades ativos","ativo"
"158",1399,"Ministério do Desenvolvimento, Indústria, Comércio e Serviços","orgao",1,NA,"MDIC","308814",1,"2023-01-01","2023-01-30",NA,"2024-04-02",NA,NA,NA,"MDIC - Ministério do Desenvolvimento, Indústria, Comércio e Serviços","Ministério do Desenvolvimento, Indústria, Comércio e Serviços","MDIC - Ministério do Desenvolvimento, Indústria, Comércio e Serviços (desde 30/01/2023) - Ativo","Órgãos/Entidades ativos","ativo"
"159",1429,"Ministério do Empreendedorismo, da Microempresa e da Empresa de Pequeno Porte","orgao",1,NA,"MEMP","330683",1,"2023-09-13","2023-11-16",NA,NA,NA,NA,NA,"MEMP - Ministério do Empreendedorismo, da Microempresa e da Empresa de Pequeno Porte","Ministério do Empreendedorismo, da Microempresa e da Empresa de Pequeno Porte","MEMP - Ministério do Empreendedorismo, da Microempresa e da Empresa de Pequeno Porte (desde 16/11/2023) - Ativo","Órgãos/Entidades ativos","ativo"
"160",1403,"Ministério do Esporte","orgao",1,NA,"MESP","308797",1,"2023-01-01","2023-02-06",NA,NA,NA,NA,NA,"MESP - Ministério do Esporte","Ministério do Esporte","MESP - Ministério do Esporte (desde 06/02/2023) - Ativo","Órgãos/Entidades ativos","ativo"
"161",647,"Ministério do Meio Ambiente","orgao",1,NA,"MMA","1927",1,"1900-01-01","2022-09-16",NA,NA,NA,NA,NA,"MMA - Ministério do Meio Ambiente","Ministério do Meio Ambiente","MMA - Ministério do Meio Ambiente (desde 16/09/2022) - Ativo","Órgãos/Entidades ativos","ativo"
"162",1401,"Ministério do Planejamento e Orçamento","orgao",1,NA,"MPO","308804",1,"2023-01-01","2023-02-02",NA,NA,NA,NA,NA,"MPO - Ministério do Planejamento e Orçamento","Ministério do Planejamento e Orçamento","MPO - Ministério do Planejamento e Orçamento (desde 02/02/2023) - Ativo","Órgãos/Entidades ativos","ativo"
"163",1421,"Ministério do Trabalho e Emprego","orgao",1,NA,"MTE","308820",1,"2023-01-01","2023-03-02",NA,NA,NA,NA,NA,"MTE - Ministério do Trabalho e Emprego","Ministério do Trabalho e Emprego","MTE - Ministério do Trabalho e Emprego (desde 02/03/2023) - Ativo","Órgãos/Entidades ativos","ativo"
"164",714,"Ministério do Turismo","orgao",1,NA,"MTur","72084",1,"1900-01-01","2022-09-16",NA,NA,NA,NA,NA,"MTur - Ministério do Turismo","Ministério do Turismo","MTur - Ministério do Turismo (desde 16/09/2022) - Ativo","Órgãos/Entidades ativos","ativo"
"165",1386,"Ministério dos Direitos Humanos e da Cidadania","orgao",1,NA,"MDHC","308816",1,"2023-01-01","2023-01-01",NA,NA,NA,NA,NA,"MDHC - Ministério dos Direitos Humanos e da Cidadania","Ministério dos Direitos Humanos e da Cidadania","MDHC - Ministério dos Direitos Humanos e da Cidadania (desde 01/01/2023) - Ativo","Órgãos/Entidades ativos","ativo"
"166",1397,"Ministério dos Povos Indígenas","orgao",1,NA,"MPI","308824",1,"2023-01-01","2023-01-30",NA,NA,NA,NA,NA,"MPI - Ministério dos Povos Indígenas","Ministério dos Povos Indígenas","MPI - Ministério dos Povos Indígenas (desde 30/01/2023) - Ativo","Órgãos/Entidades ativos","ativo"
"167",1411,"Ministério dos Transportes","orgao",1,NA,"MT","308818",1,"2023-01-01","2023-02-14",NA,NA,NA,NA,NA,"MT - Ministério dos Transportes","Ministério dos Transportes","MT - Ministério dos Transportes (desde 14/02/2023) - Ativo","Órgãos/Entidades ativos","ativo"
"168",1066,"Polícia Federal","orgao",1,856,"PF","324",1,"1900-01-01","2022-09-16",NA,NA,NA,NA,NA,"PF - Polícia Federal","Polícia Federal","PF - Polícia Federal (desde 16/09/2022) - Ativo","Órgãos/Entidades ativos","ativo"
"169",1125,"Polícia Rodoviária Federal","orgao",1,856,"PRF","704",1,"1900-01-01","2022-09-16",NA,NA,NA,NA,NA,"PRF - Polícia Rodoviária Federal","Polícia Rodoviária Federal","PRF - Polícia Rodoviária Federal (desde 16/09/2022) - Ativo","Órgãos/Entidades ativos","ativo"
"170",511,"Presidência da República","orgao",1,NA,"PR","26",1,"1900-01-01","2022-09-16",NA,NA,NA,NA,NA,"PR - Presidência da República","Presidência da República","PR - Presidência da República (desde 16/09/2022) - Ativo","Órgãos/Entidades ativos","ativo"
"171",1381,"Secretaria de Comunicação Social da Presidência da República","orgao",1,511,"SECOM","308822",1,"2023-01-01","2023-01-04",NA,NA,NA,NA,NA,"SECOM - Secretaria de Comunicação Social da Presidência da República","Secretaria de Comunicação Social da Presidência da República","SECOM - Secretaria de Comunicação Social da Presidência da República (desde 04/01/2023) - Ativo","Órgãos/Entidades ativos","ativo"
"172",1387,"Secretaria de Relações Institucionais da Presidência da República","orgao",1,511,"SRI/PR","42673",1,"2023-01-01","2023-01-23",NA,NA,NA,NA,NA,"SRI/PR - Secretaria de Relações Institucionais da Presidência da República","Secretaria de Relações Institucionais da Presidência da República","SRI/PR - Secretaria de Relações Institucionais da Presidência da República (desde 23/01/2023) - Ativo","Órgãos/Entidades ativos","ativo"
"173",1372,"Secretaria-Geral da Presidência da República","orgao",1,511,"SG","219924",1,"1900-01-01","2022-09-16",NA,NA,NA,NA,NA,"SG - Secretaria-Geral da Presidência da República","Secretaria-Geral da Presidência da República","SG - Secretaria-Geral da Presidência da República (desde 16/09/2022) - Ativo","Órgãos/Entidades ativos","ativo"
"174",1028,"Superintendência da Zona Franca de Manaus","orgao",0,854,"SUFRAMA","166",1,"1900-01-01","2022-09-16",NA,NA,NA,NA,NA,"SUFRAMA - Superintendência da Zona Franca de Manaus","Superintendência da Zona Franca de Manaus","SUFRAMA - Superintendência da Zona Franca de Manaus (desde 16/09/2022) - Ativo","Órgãos/Entidades ativos","ativo"
"175",1376,"Superintendência de Seguros Privados","orgao",0,854,"SUSEP","235",1,"2022-09-01","2022-09-01",NA,NA,37,NA,NA,"SUSEP - Superintendência de Seguros Privados","Superintendência de Seguros Privados","SUSEP - Superintendência de Seguros Privados (desde 01/09/2022) - Ativo","Órgãos/Entidades ativos","ativo"
"176",1230,"Superintendência do Desenvolvimento da Amazônia","orgao",0,855,"SUDAM","91138",1,"1900-01-01","2022-09-16",NA,NA,NA,NA,NA,"SUDAM - Superintendência do Desenvolvimento da Amazônia","Superintendência do Desenvolvimento da Amazônia","SUDAM - Superintendência do Desenvolvimento da Amazônia (desde 16/09/2022) - Ativo","Órgãos/Entidades ativos","ativo"
"177",1241,"Superintendência do Desenvolvimento do Centro-Oeste","orgao",0,855,"SUDECO","100113",1,"1900-01-01","2022-09-16",NA,NA,NA,NA,NA,"SUDECO - Superintendência do Desenvolvimento do Centro-Oeste","Superintendência do Desenvolvimento do Centro-Oeste","SUDECO - Superintendência do Desenvolvimento do Centro-Oeste (desde 16/09/2022) - Ativo","Órgãos/Entidades ativos","ativo"
"178",1231,"Superintendência do Desenvolvimento do Nordeste","orgao",0,855,"SUDENE","91144",1,"1900-01-01","2022-09-16",NA,NA,NA,NA,NA,"SUDENE - Superintendência do Desenvolvimento do Nordeste","Superintendência do Desenvolvimento do Nordeste","SUDENE - Superintendência do Desenvolvimento do Nordeste (desde 16/09/2022) - Ativo","Órgãos/Entidades ativos","ativo"
"179",1272,"Superintendência Nacional de Previdência Complementar","orgao",0,864,"PREVIC","105915",1,"1900-01-01","2022-09-16",NA,NA,NA,NA,NA,"PREVIC - Superintendência Nacional de Previdência Complementar","Superintendência Nacional de Previdência Complementar","PREVIC - Superintendência Nacional de Previdência Complementar (desde 16/09/2022) - Ativo","Órgãos/Entidades ativos","ativo"
"180",1274,"Universidade da Integração Internacional da Lusofonia Afro-Brasileira","orgao",0,549,"UNILAB","109912",1,"1900-01-01","2022-09-16",NA,NA,NA,NA,NA,"UNILAB - Universidade da Integração Internacional da Lusofonia Afro-Brasileira","Universidade da Integração Internacional da Lusofonia Afro-Brasileira","UNILAB - Universidade da Integração Internacional da Lusofonia Afro-Brasileira (desde 16/09/2022) - Ativo","Órgãos/Entidades ativos","ativo"
"181",1078,"Universidade Federal da Bahia","orgao",0,549,"UFBA","421",1,"1900-01-01","2022-09-16",NA,NA,NA,NA,NA,"UFBA - Universidade Federal da Bahia","Universidade Federal da Bahia","UFBA - Universidade Federal da Bahia (desde 16/09/2022) - Ativo","Órgãos/Entidades ativos","ativo"
"182",1269,"Universidade Federal da Fronteira Sul","orgao",0,549,"UFFS","103730",1,"1900-01-01","2022-09-16",NA,NA,NA,NA,NA,"UFFS - Universidade Federal da Fronteira Sul","Universidade Federal da Fronteira Sul","UFFS - Universidade Federal da Fronteira Sul (desde 16/09/2022) - Ativo","Órgãos/Entidades ativos","ativo"
"183",1271,"Universidade Federal da Integração Latino-Americana","orgao",0,549,"UNILA","105793",1,"1900-01-01","2022-09-16",NA,NA,NA,NA,NA,"UNILA - Universidade Federal da Integração Latino-Americana","Universidade Federal da Integração Latino-Americana","UNILA - Universidade Federal da Integração Latino-Americana (desde 16/09/2022) - Ativo","Órgãos/Entidades ativos","ativo"
"184",1076,"Universidade Federal da Paraíba","orgao",0,549,"UFPB","419",1,"1900-01-01","2022-09-16",NA,NA,NA,NA,NA,"UFPB - Universidade Federal da Paraíba","Universidade Federal da Paraíba","UFPB - Universidade Federal da Paraíba (desde 16/09/2022) - Ativo","Órgãos/Entidades ativos","ativo"
"185",1077,"Universidade Federal de Alagoas","orgao",0,549,"UFAL","420",1,"1900-01-01","2022-09-16",NA,NA,NA,NA,NA,"UFAL - Universidade Federal de Alagoas","Universidade Federal de Alagoas","UFAL - Universidade Federal de Alagoas (desde 16/09/2022) - Ativo","Órgãos/Entidades ativos","ativo"
"186",1105,"Universidade Federal de Alfenas","orgao",0,549,"UNIFAL-MG","461",1,"1900-01-01","2022-09-16",NA,NA,NA,NA,NA,"UNIFAL-MG - Universidade Federal de Alfenas","Universidade Federal de Alfenas","UNIFAL-MG - Universidade Federal de Alfenas (desde 16/09/2022) - Ativo","Órgãos/Entidades ativos","ativo"
"187",1207,"Universidade Federal de Campina Grande","orgao",0,549,"UFCG","67671",1,"1900-01-01","2022-09-16",NA,NA,NA,NA,NA,"UFCG - Universidade Federal de Campina Grande","Universidade Federal de Campina Grande","UFCG - Universidade Federal de Campina Grande (desde 16/09/2022) - Ativo","Órgãos/Entidades ativos","ativo"
"188",1342,"Universidade Federal de Catalão","orgao",0,549,"UFCAT","226371",1,"1900-01-01","2022-09-16",NA,NA,NA,NA,NA,"UFCAT - Universidade Federal de Catalão","Universidade Federal de Catalão","UFCAT - Universidade Federal de Catalão (desde 16/09/2022) - Ativo","Órgãos/Entidades ativos","ativo"
"189",1079,"Universidade Federal de Goiás","orgao",0,549,"UFG","422",1,"1900-01-01","2022-09-16",NA,NA,NA,NA,NA,"UFG - Universidade Federal de Goiás","Universidade Federal de Goiás","UFG - Universidade Federal de Goiás (desde 16/09/2022) - Ativo","Órgãos/Entidades ativos","ativo"
"190",1106,"Universidade Federal de Itajubá","orgao",0,549,"UNIFEI","462",1,"1900-01-01","2022-09-16",NA,NA,NA,NA,NA,"UNIFEI - Universidade Federal de Itajubá","Universidade Federal de Itajubá","UNIFEI - Universidade Federal de Itajubá (desde 16/09/2022) - Ativo","Órgãos/Entidades ativos","ativo"
"191",1343,"Universidade Federal de Jataí","orgao",0,549,"UFJ","226372",1,"1900-01-01","2022-09-16",NA,NA,NA,NA,NA,"UFJ - Universidade Federal de Jataí","Universidade Federal de Jataí","UFJ - Universidade Federal de Jataí (desde 16/09/2022) - Ativo","Órgãos/Entidades ativos","ativo"
"192",1081,"Universidade Federal de Juiz de Fora","orgao",0,549,"UFJF","424",1,"1900-01-01","2022-09-16",NA,NA,NA,NA,NA,"UFJF - Universidade Federal de Juiz de Fora","Universidade Federal de Juiz de Fora","UFJF - Universidade Federal de Juiz de Fora (desde 16/09/2022) - Ativo","Órgãos/Entidades ativos","ativo"
"193",1107,"Universidade Federal de Lavras","orgao",0,549,"UFLA","463",1,"1900-01-01","2022-09-16",NA,NA,NA,NA,NA,"UFLA - Universidade Federal de Lavras","Universidade Federal de Lavras","UFLA - Universidade Federal de Lavras (desde 16/09/2022) - Ativo","Órgãos/Entidades ativos","ativo"
"194",1080,"Universidade Federal de Minas Gerais","orgao",0,549,"UFMG","423",1,"1900-01-01","2022-09-16",NA,NA,NA,NA,NA,"UFMG - Universidade Federal de Minas Gerais","Universidade Federal de Minas Gerais","UFMG - Universidade Federal de Minas Gerais (desde 16/09/2022) - Ativo","Órgãos/Entidades ativos","ativo"
"195",1075,"Universidade Federal de Pernambuco","orgao",0,549,"UFPE","418",1,"1900-01-01","2022-09-16",NA,NA,NA,NA,NA,"UFPE - Universidade Federal de Pernambuco","Universidade Federal de Pernambuco","UFPE - Universidade Federal de Pernambuco (desde 16/09/2022) - Ativo","Órgãos/Entidades ativos","ativo"
"196",1374,"Universidade Federal de Rondonópolis","orgao",0,549,"UFR","226373",1,"2022-09-19","2022-09-19",NA,NA,37,NA,NA,"UFR - Universidade Federal de Rondonópolis","Universidade Federal de Rondonópolis","UFR - Universidade Federal de Rondonópolis (desde 19/09/2022) - Ativo","Órgãos/Entidades ativos","ativo"
"197",1086,"Universidade Federal de Santa Catarina","orgao",0,549,"UFSC","429",1,"1900-01-01","2022-09-16",NA,NA,NA,NA,NA,"UFSC - Universidade Federal de Santa Catarina","Universidade Federal de Santa Catarina","UFSC - Universidade Federal de Santa Catarina (desde 16/09/2022) - Ativo","Órgãos/Entidades ativos","ativo"
"198",1088,"Universidade Federal de Santa Maria","orgao",0,549,"UFSM","431",1,"1900-01-01","2022-09-16",NA,NA,NA,NA,NA,"UFSM - Universidade Federal de Santa Maria","Universidade Federal de Santa Maria","UFSM - Universidade Federal de Santa Maria (desde 16/09/2022) - Ativo","Órgãos/Entidades ativos","ativo"
"199",1108,"Universidade Federal de São Paulo","orgao",0,549,"UNIFESP","464",1,"1900-01-01","2022-09-16",NA,NA,NA,NA,NA,"UNIFESP - Universidade Federal de São Paulo","Universidade Federal de São Paulo","UNIFESP - Universidade Federal de São Paulo (desde 16/09/2022) - Ativo","Órgãos/Entidades ativos","ativo"
"200",1116,"Universidade Federal de Uberlândia","orgao",0,549,"UFU","472",1,"1900-01-01","2022-09-16",NA,NA,NA,NA,NA,"UFU - Universidade Federal de Uberlândia","Universidade Federal de Uberlândia","UFU - Universidade Federal de Uberlândia (desde 16/09/2022) - Ativo","Órgãos/Entidades ativos","ativo"
"201",1373,"Universidade Federal do Agreste de Pernambuco","orgao",0,549,"UFAPE","227868",1,"2022-09-20","2022-09-20",NA,NA,37,NA,NA,"UFAPE - Universidade Federal do Agreste de Pernambuco","Universidade Federal do Agreste de Pernambuco","UFAPE - Universidade Federal do Agreste de Pernambuco (desde 20/09/2022) - Ativo","Órgãos/Entidades ativos","ativo"
"202",1294,"Universidade Federal do Cariri ","orgao",0,549,"UFCA","122391",1,"1900-01-01","2022-09-16",NA,NA,NA,NA,NA,"UFCA - Universidade Federal do Cariri ","Universidade Federal do Cariri ","UFCA - Universidade Federal do Cariri  (desde 16/09/2022) - Ativo","Órgãos/Entidades ativos","ativo"
"203",1073,"Universidade Federal do Ceará","orgao",0,549,"UFC","416",1,"1900-01-01","2022-09-16",NA,NA,NA,NA,NA,"UFC - Universidade Federal do Ceará","Universidade Federal do Ceará","UFC - Universidade Federal do Ceará (desde 16/09/2022) - Ativo","Órgãos/Entidades ativos","ativo"
"204",1379,"Universidade Federal do Delta do Parnaíba","orgao",0,549,"UFDPar","227867",1,"2022-10-10","2022-10-10",NA,NA,41,NA,NA,"UFDPar - Universidade Federal do Delta do Parnaíba","Universidade Federal do Delta do Parnaíba","UFDPar - Universidade Federal do Delta do Parnaíba (desde 10/10/2022) - Ativo","Órgãos/Entidades ativos","ativo"
"205",1082,"Universidade Federal do Espírito Santo","orgao",0,549,"UFES","425",1,"1900-01-01","2022-09-16",NA,NA,NA,NA,NA,"UFES - Universidade Federal do Espírito Santo","Universidade Federal do Espírito Santo","UFES - Universidade Federal do Espírito Santo (desde 16/09/2022) - Ativo","Órgãos/Entidades ativos","ativo"
"206",1058,"Universidade Federal do Estado do Rio de Janeiro","orgao",0,549,"UNIRIO","260",1,"1900-01-01","2022-09-16",NA,NA,NA,NA,NA,"UNIRIO - Universidade Federal do Estado do Rio de Janeiro","Universidade Federal do Estado do Rio de Janeiro","UNIRIO - Universidade Federal do Estado do Rio de Janeiro (desde 16/09/2022) - Ativo","Órgãos/Entidades ativos","ativo"
"207",1293,"Universidade Federal do Oeste da Bahia","orgao",0,549,"UFOB","122386",1,"1900-01-01","2022-09-16",NA,NA,NA,NA,NA,"UFOB - Universidade Federal do Oeste da Bahia","Universidade Federal do Oeste da Bahia","UFOB - Universidade Federal do Oeste da Bahia (desde 16/09/2022) - Ativo","Órgãos/Entidades ativos","ativo"
"208",1270,"Universidade Federal do Oeste do Pará","orgao",0,549,"UFOPA","104667",1,"1900-01-01","2022-09-16",NA,NA,NA,NA,NA,"UFOPA - Universidade Federal do Oeste do Pará","Universidade Federal do Oeste do Pará","UFOPA - Universidade Federal do Oeste do Pará (desde 16/09/2022) - Ativo","Órgãos/Entidades ativos","ativo"
"209",1072,"Universidade Federal do Pará","orgao",0,549,"UFPA","415",1,"1900-01-01","2022-09-16",NA,NA,NA,NA,NA,"UFPA - Universidade Federal do Pará","Universidade Federal do Pará","UFPA - Universidade Federal do Pará (desde 16/09/2022) - Ativo","Órgãos/Entidades ativos","ativo"
"210",1085,"Universidade Federal do Paraná","orgao",0,549,"UFPR","428",1,"1900-01-01","2022-09-16",NA,NA,NA,NA,NA,"UFPR - Universidade Federal do Paraná","Universidade Federal do Paraná","UFPR - Universidade Federal do Paraná (desde 16/09/2022) - Ativo","Órgãos/Entidades ativos","ativo"
"211",1221,"Universidade Federal do Recôncavo da Bahia","orgao",0,549,"UFRB","84710",1,"1900-01-01","2022-09-16",NA,NA,NA,NA,NA,"UFRB - Universidade Federal do Recôncavo da Bahia","Universidade Federal do Recôncavo da Bahia","UFRB - Universidade Federal do Recôncavo da Bahia (desde 16/09/2022) - Ativo","Órgãos/Entidades ativos","ativo"
"212",1083,"Universidade Federal do Rio de Janeiro","orgao",0,549,"UFRJ","426",1,"1900-01-01","2022-09-16",NA,NA,NA,NA,NA,"UFRJ - Universidade Federal do Rio de Janeiro","Universidade Federal do Rio de Janeiro","UFRJ - Universidade Federal do Rio de Janeiro (desde 16/09/2022) - Ativo","Órgãos/Entidades ativos","ativo"
"213",1074,"Universidade Federal do Rio Grande do Norte","orgao",0,549,"UFRN","417",1,"1900-01-01","2022-09-16",NA,NA,NA,NA,NA,"UFRN - Universidade Federal do Rio Grande do Norte","Universidade Federal do Rio Grande do Norte","UFRN - Universidade Federal do Rio Grande do Norte (desde 16/09/2022) - Ativo","Órgãos/Entidades ativos","ativo"
"214",1087,"Universidade Federal do Rio Grande do Sul","orgao",0,549,"UFRGS","430",1,"1900-01-01","2022-09-16",NA,NA,NA,NA,NA,"UFRGS - Universidade Federal do Rio Grande do Sul","Universidade Federal do Rio Grande do Sul","UFRGS - Universidade Federal do Rio Grande do Sul (desde 16/09/2022) - Ativo","Órgãos/Entidades ativos","ativo"
"215",1291,"Universidade Federal do Sul da Bahia","orgao",0,549,"UFSB","122378",1,"1900-01-01","2022-09-16",NA,NA,NA,NA,NA,"UFSB - Universidade Federal do Sul da Bahia","Universidade Federal do Sul da Bahia","UFSB - Universidade Federal do Sul da Bahia (desde 16/09/2022) - Ativo","Órgãos/Entidades ativos","ativo"
"216",1292,"Universidade Federal do Sul e Sudeste do Pará","orgao",0,549,"UNIFESSPA","122381",1,"1900-01-01","2022-09-16",NA,NA,NA,NA,NA,"UNIFESSPA - Universidade Federal do Sul e Sudeste do Pará","Universidade Federal do Sul e Sudeste do Pará","UNIFESSPA - Universidade Federal do Sul e Sudeste do Pará (desde 16/09/2022) - Ativo","Órgãos/Entidades ativos","ativo"
"217",1103,"Universidade Federal do Triângulo Mineiro","orgao",0,549,"UFTM","459",1,"1900-01-01","2022-09-16",NA,NA,NA,NA,NA,"UFTM - Universidade Federal do Triângulo Mineiro","Universidade Federal do Triângulo Mineiro","UFTM - Universidade Federal do Triângulo Mineiro (desde 16/09/2022) - Ativo","Órgãos/Entidades ativos","ativo"
"218",1104,"Universidade Federal dos Vales do Jequitinhonha e Mucuri","orgao",0,549,"UFVJM","460",1,"1900-01-01","2022-09-16",NA,NA,NA,NA,NA,"UFVJM - Universidade Federal dos Vales do Jequitinhonha e Mucuri","Universidade Federal dos Vales do Jequitinhonha e Mucuri","UFVJM - Universidade Federal dos Vales do Jequitinhonha e Mucuri (desde 16/09/2022) - Ativo","Órgãos/Entidades ativos","ativo"
"219",1084,"Universidade Federal Fluminense","orgao",0,549,"UFF","427",1,"1900-01-01","2022-09-16",NA,NA,NA,NA,NA,"UFF - Universidade Federal Fluminense","Universidade Federal Fluminense","UFF - Universidade Federal Fluminense (desde 16/09/2022) - Ativo","Órgãos/Entidades ativos","ativo"
"220",1101,"Universidade Federal Rural da Amazônia","orgao",0,549,"UFRA","457",1,"1900-01-01","2022-09-16",NA,NA,NA,NA,NA,"UFRA - Universidade Federal Rural da Amazônia","Universidade Federal Rural da Amazônia","UFRA - Universidade Federal Rural da Amazônia (desde 16/09/2022) - Ativo","Órgãos/Entidades ativos","ativo"
"221",1090,"Universidade Federal Rural de Pernambuco","orgao",0,549,"UFRPE","433",1,"1900-01-01","2022-09-16",NA,NA,NA,NA,NA,"UFRPE - Universidade Federal Rural de Pernambuco","Universidade Federal Rural de Pernambuco","UFRPE - Universidade Federal Rural de Pernambuco (desde 16/09/2022) - Ativo","Órgãos/Entidades ativos","ativo"
"222",1089,"Universidade Federal Rural do Rio de Janeiro","orgao",0,549,"UFRRJ","432",1,"1900-01-01","2022-09-16",NA,NA,NA,NA,NA,"UFRRJ - Universidade Federal Rural do Rio de Janeiro","Universidade Federal Rural do Rio de Janeiro","UFRRJ - Universidade Federal Rural do Rio de Janeiro (desde 16/09/2022) - Ativo","Órgãos/Entidades ativos","ativo"
"223",1102,"Universidade Federal Rural do Semi-Árido","orgao",0,549,"UFERSA-RN","458",1,"1900-01-01","2022-09-16",NA,NA,NA,NA,NA,"UFERSA-RN - Universidade Federal Rural do Semi-Árido","Universidade Federal Rural do Semi-Árido","UFERSA-RN - Universidade Federal Rural do Semi-Árido (desde 16/09/2022) - Ativo","Órgãos/Entidades ativos","ativo"
"224",1098,"Universidade Tecnológica Federal do Paraná","orgao",0,549,"UTFPR","454",1,"1900-01-01","2022-09-16",NA,NA,NA,NA,NA,"UTFPR - Universidade Tecnológica Federal do Paraná","Universidade Tecnológica Federal do Paraná","UTFPR - Universidade Tecnológica Federal do Paraná (desde 16/09/2022) - Ativo","Órgãos/Entidades ativos","ativo"
"225",638,"Vice-Presidência da República","orgao",1,NA,"VPR","1408",1,"1900-01-01","2022-09-16",NA,NA,NA,NA,NA,"VPR - Vice-Presidência da República","Vice-Presidência da República","VPR - Vice-Presidência da República (desde 16/09/2022) - Ativo","Órgãos/Entidades ativos","ativo"
